ml_slightly,Slightly,Слегка,Ligeiramente,Ligeramente,Leicht,Légèrement,Leggermente,Nieco,稍微,わずかに,약간,,,,,,,,,,
ml_simple_extra_health,Health,Здоровье,Saúde,Salud,Gesundheit,Santé,Salute,Zdrowie,健康,体力,체력,,,,,,,,,,
ml_simple_extra_health_tp,Add $0 health,Добавляет $0 к здоровью,Adiciona $0 de saúde,Añade $0 de salud,Fügt $0 Gesundheit hinzu,Ajoute $0 santé,Aggiunge $0 salute,Dodaje $0 do zdrowia,增加 $0 的健康值,$0 の体力を追加,$0 체력을 추가,,,,,,,,,,
ml_extra_reward_choice,More options,Больше вариантов,Mais opções,Más opciones,Mehr Optionen,Plus d'options,Più opzioni,Więcej opcji,更多选项,さらに多くの選択肢,더 많은 선택,,,,,,,,,,
ml_extra_reward_choice_tp,"Add $0 more option to reward choice, but you will skip next rewards","Добавляет $0 к списку наград, но вы пропускаете следующие уровни","Adiciona $0 opção(ões) à escolha de recompensa, mas você pulará as próximas recompensas","Añade $0 opciones más a la elección de recompensa, pero se saltará las siguientes recompensas","Fügt $0 zusätzliche Option(en) zur Belohnungsauswahl hinzu, aber du überspringst die nächsten Belohnungen","Ajoute $0 option(s) de plus au choix des récompenses, mais vous sauterez les prochaines récompenses","Aggiunge $0 opzione/i in più alla scelta della ricompensa, ma salterai le prossime ricompense","Dodaje $0 opcji do wyboru nagród, ale pomijasz następne nagrody","为奖励选择增加 $0 个选项，但你会跳过接下来的奖励","報酬選択に $0 の選択肢を追加しますが、次の報酬をスキップします","보상 선택에 $0 옵션을 추가하지만 다음 보상을 건너뜁니다",,,,,,,,,,,
ml_extra_reward_choice_clarify,"At this stage, you will skip $0 rewards","На данном этапе - вы пропустите $0 наград","Neste estágio, você pulará $0 recompensas","En esta etapa, te saltarás $0 recompensas","An diesem Punkt wirst du $0 Belohnungen überspringen","À ce stade, vous sauterez $0 récompenses","A questo punto salterai $0 ricompense","Na tym etapie pominiesz $0 nagród","此阶段你将跳过 $0 个奖励","この段階で、$0 の報酬をスキップします","이 단계에서 $0 보상을 건너뜁니다",,,,,,,,,,,
ml_add_gold,Gold,Золото,Ouro,Oro,Gold,Or,Oro,Złoto,金币,ゴールド,골드,,,,,,,,,,
ml_add_gold_tp,Add $0 gold,Добавляет $0 золота,Adiciona $0 de ouro,Añade $0 de oro,Fügt $0 Gold hinzu,Ajoute $0 or,Aggiunge $0 oro,Dodaje $0 złota,增加 $0 金币,$0 ゴールドを追加,$0 골드를 추가,,,,,,,,,,
ml_bloody_money,Bloody money,Кровавые деньги,Dinheiro sangrento,Dinero sangriento,Blutgeld,Argent sanglant,Soldi insanguinati,Krwawa kasa,血腥钱,血まみれのお金,피의 돈,,,,,,,,,,
ml_bloody_money_tp,Chance to spawn blood money on kills,Шанс спавна кровавых денег при убийствах,Chance de gerar dinheiro sangrento ao matar,Oportunidad de generar dinero sangriento al matar,"Chance, Blutgeld bei Kills zu erzeugen",Chance de faire apparaître de l'argent sanglant en tuant,Probabilità di ottenere soldi insanguinati con le uccisioni,Szansa na zdobycie krwawej kasy przy zabójstwach,击杀时生成血腥钱的几率,倒した際に血まみれのお金を生成する確率,처치 시 피의 돈 생성 확률,,,,,,,,,,
ml_spawn_chest,Chest,Сундук,Baú,Cofre,Kiste,Coffre,Baule,Skrzynia,宝箱,宝箱,상자,,,,,,,,,,
ml_spawn_chest_tp,Spawn chest$0$1,Получить сундук$0$1,Gerar baú$0$1,Generar cofre$0$1,Erzeugt Kiste$0$1,Fait apparaître un coffre$0$1,Genera un baule$0$1,Generuj skrzynię$0$1,生成箱子$0$1,宝箱を生成$0$1,상자 생성$0$1,,,,,,,,,,
ml_but_better,", but better",", но лучше",", mas melhor",", pero mejor",", aber besser",", mais mieux",", ma migliore",", ale lepsze","，但更好","、ただしさらに優れている",", 하지만 더 좋음",,,,,,,,,,
ml_spell_low,low,низкого,baixo,bajo,niedrig,faible,basso,niski,低级,低レベル,낮음,,,,,,,,,,
ml_spell_mid,mid,среднего,médio,medio,mittel,moyen,medio,średni,中级,中レベル,중간,,,,,,,,,,
ml_spell_high,high,высокого,alto,alto,hoch,élevé,alto,wysoki,高级,高レベル,높음,,,,,,,,,,
ml_random_spell,Random spell,Случайное заклинание,Magia aleatória,Hechizo aleatorio,Zufälliger Zauber,Sort aléatoire,Incantesimo casuale,Losowe zaklęcie,随机法术,ランダムな呪文,랜덤 주문,,,,,,,,,,
ml_random_spell_tp,Spawn a random spell of $0 level,Создаёт случайное заклинание $0 уровня,Gera uma magia aleatória de nível $0,Genera un hechizo aleatorio de nivel $0,Erzeugt einen zufälligen Zauber der Stufe $0,Fait apparaître un sort aléatoire de niveau $0,Genera un incantesimo casuale di livello $0,Generuj losowe zaklęcie poziomu $0,生成 $0 级随机法术,$0 レベルのランダムな呪文を生成,$0 레벨의 랜덤 주문 생성,,,,,,,,,,
ml_random_projectile,Random projectile,Случайный снаряд,Projétil aleatório,Proyectil aleatorio,Zufälliges Projektil,Projectile aléatoire,Proiettile casuale,Losowy pocisk,随机投射物,ランダムな射撃体,랜덤 발사체,,,,,,,,,,
ml_random_projectile_tp,Spawn a random projectile of $0 level,Создаёт случайный снаряд $0 уровня,Gera um projétil aleatório de nível $0,Genera un proyectil aleatorio de nivel $0,Erzeugt ein zufälliges Projektil der Stufe $0,Fait apparaître un projectile aléatoire de niveau $0,Genera un proiettile casuale di livello $0,Generuj losowy pocisk poziomu $0,生成 $0 级随机投射物,$0 レベルのランダムな射撃体を生成,$0 레벨의 랜덤 발사체 생성,,,,,,,,,,
ml_random_static_projectile,Random static projectile,Случайный статичный снаряд,Projétil estático aleatório,Proyectil estático aleatorio,Zufälliges statisches Projektil,Projectile statique aléatoire,Proiettile statico casuale,Losowy statyczny pocisk,随机静态投射物,ランダムな静的射撃体,랜덤 고정 발사체,,,,,,,,,,
ml_random_static_projectile_tp,Spawn a random static projectile of $0 level,Создаёт случайный статичный снаряд $0 уровня,Gera um projétil estático aleatório de nível $0,Genera un proyectil estático aleatorio de nivel $0,Erzeugt ein zufälliges statisches Projektil der Stufe $0,Fait apparaître un projectile statique aléatoire de niveau $0,Genera un proiettile statico casuale di livello $0,Generuj losowy statyczny pocisk poziomu $0,生成 $0 级随机静态投射物,$0 レベルのランダムな静的射撃体を生成,$0 레벨의 랜덤 고정 발사체 생성,,,,,,,,,,
ml_random_modifier,Random modifier,Случайный модификатор,Modificador aleatório,Modificador aleatorio,Zufälliger Modifikator,Modificateur aléatoire,Modificatore casuale,Losowy modyfikator,随机修改器,ランダムな修飾子,랜덤 수정자,,,,,,,,,,
ml_random_modifier_tp,Spawn a random modifier of $0 level,Создаёт случайный модификатор $0 уровня,Gera um modificador aleatório de nível $0,Genera un modificador aleatorio de nivel $0,Erzeugt einen zufälligen Modifikator der Stufe $0,Fait apparaître un modificateur aléatoire de niveau $0,Genera un modificatore casuale di livello $0,Generuj losowy modyfikator poziomu $0,生成 $0 级随机修改器,$0 レベルのランダムな修飾子を生成,$0 레벨의 랜덤 수정자 생성,,,,,,,,,,
ml_random_draw_many,Random multicast,Случайное множественное заклинание,Multicast aleatório,Hechizo múltiple aleatorio,Zufälliges Mehrfachzauber,Sort multicible aléatoire,Incantesimo multiplo casuale,Losowe zaklęcie wielokrotne,随机多重施法,ランダムな多重詠唱,랜덤 다중 주문,,,,,,,,,,
ml_random_draw_many_tp,Spawn a random multicast of $0 level,Создаёт случайное множественное заклинание $0 уровня,Gera um multicast aleatório de nível $0,Genera un hechizo múltiple aleatorio de nivel $0,Erzeugt ein zufälliges Mehrfachzauber der Stufe $0,Fait apparaître un sort multicible aléatoire de niveau $0,Genera un incantesimo multiplo casuale di livello $0,Generuj losowe zaklęcie wielokrotne poziomu $0,生成 $0 级随机多重施法,$0 レベルのランダムな多重詠唱を生成,$0 레벨의 랜덤 다중 주문 생성,,,,,,,,,,
ml_passive_spell,Random passive spell,Случайное пассивное заклинание,Magia passiva aleatória,Hechizo pasivo aleatorio,Zufälliger passiver Zauber,Sort passif aléatoire,Incantesimo passivo casuale,Losowe pasywne zaklęcie,随机被动法术,ランダムなパッシブ呪文,랜덤 패시브 주문,,,,,,,,,,
ml_passive_spell_tp,Spawn a random passive spell,Создаёт случайное пассивное заклинание,Gera uma magia passiva aleatória,Genera un hechizo pasivo aleatorio,Erzeugt einen zufälligen passiven Zauber,Fait apparaître un sort passif aléatoire,Genera un incantesimo passivo casuale,Generuj losowe pasywne zaklęcie,生成随机被动法术,ランダムなパッシブ呪文を生成,랜덤 패시브 주문 생성,,,,,,,,,,
ml_material_spell,Random material spell,Случайное заклинание материала,Magia de material aleatória,Hechizo de material aleatorio,Zufälliger Materialzauber,Sort de matériau aléatoire,Incantesimo materiale casuale,Losowe zaklęcie materiałowe,随机材料法术,ランダムな素材の呪文,랜덤 소재 주문,,,,,,,,,,
ml_material_spell_tp,Spawn a random material spell of $0 level,Создаёт случайное заклинание материала $0 уровня,Gera uma magia de material aleatória de nível $0,Genera un hechizo de material aleatorio de nivel $0,Erzeugt einen zufälligen Materialzauber der Stufe $0,Fait apparaître un sort de matériau aléatoire de niveau $0,Genera un incantesimo materiale casuale di livello $0,Generuj losowe zaklęcie materiałowe poziomu $0,生成 $0 级随机材料法术,$0 レベルのランダムな素材の呪文を生成,$0 레벨의 랜덤 소재 주문 생성,,,,,,,,,,
ml_random_utility,Random utility card,Случайное заклинание "полезное",Carta utilitária aleatória,Carta de utilidad aleatoria,Zufällige Nutzkarte,Carte utilitaire aléatoire,Carta utilitaria casuale,Losowe użyteczne zaklęcie,随机功能卡,ランダムなユーティリティカード,랜덤 유틸리티 카드,,,,,,,,,,
ml_random_utility_tp,Spawn a random utility card of $0 level,Создаёт случайное полезное $0 уровня,Gera uma carta utilitária aleatória de nível $0,Genera una carta de utilidad aleatoria de nivel $0,Erzeugt eine zufällige Nutzkarte der Stufe $0,Fait apparaître une carte utilitaire aléatoire de niveau $0,Genera una carta utilitaria casuale di livello $0,Generuj losowe użyteczne zaklęcie poziomu $0,生成 $0 级随机功能卡,$0 レベルのランダムなユーティリティカードを生成,$0 레벨의 랜덤 유틸리티 카드 생성,,,,,,,,,,
ml_random_other,Random other card,Случайное заклинание другое,Carta aleatória outra,Carta otra aleatoria,Zufällige andere Karte,Carte aléatoire autre,Carta casuale altra,Losowe inne zaklęcie,随机其他卡,ランダムなその他カード,랜덤 기타 카드,,,,,,,,,,
ml_random_other_tp,Spawn a random other card of $0 level,Создаёт случайное другое $0 уровня,Gera uma outra carta aleatória de nível $0,Genera una carta otra aleatoria de nivel $0,Erzeugt eine zufällige andere Karte der Stufe $0,Fait apparaître une carte aléatoire autre de niveau $0,Genera una carta casuale altra di livello $0,Generuj losowe inne zaklęcie poziomu $0,生成 $0 级随机其他卡,$0 レベルのランダムなその他カードを生成,$0 레벨의 랜덤 기타 카드 생성,,,,,,,,,,
ml_random_spell_trigger_hit_world,Random trigger spell,Случайное заклинание активации,Magia de gatilho aleatória,Hechizo de activación aleatorio,Zufälliger Auslöserzauber,Sort de déclencheur aléatoire,Incantesimo casuale attivabile,Losowe zaklęcie aktywacyjne,随机触发法术,ランダムなトリガー呪文,랜덤 트리거 주문,,,,,,,,,,
ml_random_spell_trigger_hit_world_tp,Spawn a random trigger spell,Создаёт случайное заклинание активации,Gera uma magia de gatilho aleatória,Genera un hechizo de activación aleatorio,Erzeugt einen zufälligen Auslöserzauber,Fait apparaître un sort de déclencheur aléatoire,Genera un incantesimo casuale attivabile,Generuj losowe zaklęcie aktywacyjne,生成随机触发法术,ランダムなトリガー呪文を生成,랜덤 트리거 주문 생성,,,,,,,,,,
ml_random_spell_trigger_death,Random trigger on death spell,Случайное заклинание активации при смерти,Magia de gatilho na morte,Hechizo activador al morir,Zufälliger Todesauslöserzauber,Sort déclencheur sur la mort,Incantesimo attivabile alla morte,Losowe zaklęcie przy śmierci,随机死亡触发法术,死亡時のランダムなトリガー呪文,사망시 랜덤 트리거 주문,,,,,,,,,,
ml_random_spell_trigger_death_tp,Spawn a random trigger on death spell,Создаёт случайное заклинание активации при смерти,Gera uma magia de gatilho na morte,Genera un hechizo activador al morir,Erzeugt einen zufälligen Todesauslöserzauber,Fait apparaître un sort déclencheur sur la mort,Genera un incantesimo attivabile alla morte,Generuj losowe zaklęcie przy śmierci,生成随机死亡触发法术,死亡時のランダムなトリガー呪文を生成,사망시 랜덤 트리거 주문 생성,,,,,,,,,,
ml_random_spell_trigger_timer,Random timer spell,Случайное заклинание с таймером,Magia de temporizador aleatória,Hechizo con temporizador aleatorio,Zufälliger Timer-Zauber,Sort chronométré aléatoire,Incantesimo con timer casuale,Losowe zaklęcie z timerem,随机计时法术,ランダムなタイマー呪文,랜덤 타이머 주문,,,,,,,,,,
ml_random_spell_trigger_timer_tp,Spawn a random timer spell,Создаёт случайное заклинание с таймером,Gera uma magia de temporizador aleatória,Genera un hechizo con temporizador aleatorio,Erzeugt einen zufälligen Timer-Zauber,Fait apparaître un sort chronométré aléatoire,Genera un incantesimo con timer casuale,Generuj losowe zaklęcie z timerem,生成随机计时法术,ランダムなタイマー呪文を生成,랜덤 타이머 주문 생성,,,,,,,,,,
ml_permanent_light,"Permanent light","Постоянный свет","Luz permanente","Luz permanente","Permanentes Licht","Lumière permanente","Luce permanente","Stałe światło","永久光","永続的な光","영구적인 빛",,,,,,,
ml_permanent_light_tp,"Adds permanent light","Добавляет постоянный свет","Agrega luz permanente","Adiciona luz permanente","Fügt permanentes Licht hinzu","Ajoute une lumière permanente","Aggiunge luce permanente","Dodaje stałe światło","增加永久光","永久的な光を追加します","영구적인 빛을 추가합니다",,,,,,,
ml_permanent_light_increase_tp,"Increase $0 of permanent light","Увеличивает $0 постоянного света","Aumenta $0 de luz permanente","Aumenta $0 da luz permanente","Erhöht $0 des permanenten Lichts","Augmente $0 de la lumière permanente","Aumenta $0 della luce permanente","Zwiększa $0 stałego światła","增加$0永久光","永久光を$0増加します","영구적인 빛을 $0만큼 증가시킵니다",,,,,,,
ml_radius,"radius","радиус","radio","raio","Radius","rayon","raggio","promień","半径","半径","반지름",,,,,,,
ml_brightness,"brightness","яркость","brillo","brilho","Helligkeit","luminosité","luminosità","jasność","亮度","明るさ","밝기",,,,,,,
ml_peace_with_gods,"Peace with Gods","Перемирие с Богами","Paz con los dioses","Paz com os deuses","Frieden mit den Göttern","Paix avec les dieux","Pace con gli dei","Pokój z bogami","与神的和平","神々との平和","신들과의 평화",,,,,,,
ml_peace_with_gods_tp,"Gods forgive you","Боги вас прощают","Los dioses te perdonan","Os deuses te perdoam","Die Götter vergeben dir","Les dieux vous pardonnent","Gli dei ti perdonano","Bogowie ci wybaczają","神原谅了你","神々があなたを許します","신들이 당신을 용서합니다",,,,,,,
ml_piece_with_gods_message1,"THE GODS HAVE FORGIVEN YOU..","БОГИ ВАС ПРОСТИЛИ..","LOS DIOSES TE HAN PERDONADO..","OS DEUSES TE PERDOARAM..","DIE GÖTTER HABEN DIR VERZIEHEN..","LES DIEUX VOUS ONT PARDONNÉ..","GLI DEI TI HANNO PERDONATO..","BOGOWIE CI WYBACZYLI..","神已原谅了你..","神々があなたを許しました..","신들이 당신을 용서했습니다..",,,,,,,
ml_piece_with_gods_message2,"..for now","..пока что","..por ahora","..por enquanto","..für jetzt","..pour l'instant","..per ora","..na razie","..暂时","..今のところ","..지금은",,,,,,,
ml_forgetful_gods,"Forgetful Gods","Забывчивые Боги","Dioses olvidadizos","Deuses esquecidos","Vergessliche Götter","Dieux oublieux","Dei smemorati","Zapominalscy bogowie","健忘的神","忘れっぽい神々","건망증이 있는 신들",,,,,,,
ml_forgetful_gods_tp,"The gods will forget your sins","Боги забудут ваши грехи","Los dioses olvidarán tus pecados","Os deuses esquecerão seus pecados","Die Götter werden deine Sünden vergessen","Les dieux oublieront vos péchés","Gli dei dimenticheranno i tuoi peccati","Bogowie zapomną o twoich grzechach","神将忘记你的罪行","神々はあなたの罪を忘れるでしょう","신들이 당신의 죄를 잊을 것입니다",,,,,,,
ml_heal_spells,"Random healing spell","Случайное заклинание лечения","Hechizo de curación aleatorio","Feitiço de cura aleatório","Zufälliger Heilzauber","Sort de soin aléatoire","Incantesimo curativo casuale","Losowe zaklęcie leczenia","随机治疗法术","ランダムな回復呪文","무작위 치유 주문",,,,,,,
ml_heal_spells_tp,"Spawn a random healing spell","Создаёт случайное заклинание лечения","Genera un hechizo de curación aleatorio","Cria um feitiço de cura aleatório","Erschafft einen zufälligen Heilzauber","Fait apparaître un sort de soin aléatoire","Genera un incantesimo curativo casuale","Tworzy losowe zaklęcie leczenia","生成一个随机治疗法术","ランダムな回復呪文を生成します","무작위 치유 주문을 생성합니다",,,,,,,
ml_faster_wand,"Faster wand","Ускорение жезла","Vara más rápida","Varinha mais rápida","Schnellerer Zauberstab","Baguette plus rapide","Bacchetta più veloce","Szybsza różdżka","更快的魔杖","より速い杖","더 빠른 마법봉",,,,,,,
ml_faster_wand_tp,"The wand you are holding becomes faster","Жезл у вас в руке становится быстрее","La vara que tienes se vuelve más rápida","A varinha que você está segurando fica mais rápida","Der Zauberstab, den du hältst, wird schneller","La baguette que vous tenez devient plus rapide","La bacchetta che stai tenendo diventa più veloce","Różdżka, którą trzymasz, staje się szybsza","你拿着的魔杖会变快","手に持っている杖が速くなります","당신이 들고 있는 마법봉이 더 빨라집니다",,,,,,,
ml_faster_wand_delay,"The wand you are holding will have less cast delay","У жезла у вашей руки уменьшается задержка заклинаний","La vara que tienes tendrá menos retraso de lanzamiento","A varinha que você está segurando terá menos atraso de lançamento","Der Zauberstab, den du hältst, wird weniger Zauberverzögerung haben","La baguette que vous tenez aura moins de délai d'incantation","La bacchetta che stai tenendo avrà meno ritardo nel lancio","Różdżka, którą trzymasz, będzie miała mniejsze opóźnienie rzucania","你拿着的魔杖施法延迟会减少","手に持っている杖の詠唱遅延が短くなります","당신이 들고 있는 마법봉의 시전 지연이 줄어듭니다",,,,,,,
ml_faster_wand_recharge,"The wand you are holding will have less cooldown","У жезла у вашей руки уменьшается перезарядка","La vara que tienes tendrá menos tiempo de recarga","A varinha que você está segurando terá menos recarga","Der Zauberstab, den du hältst, wird weniger Abklingzeit haben","La baguette que vous tenez aura moins de temps de recharge","La bacchetta che stai tenendo avrà meno ricarica","Różdżka, którą trzymasz, będzie miała krótszy czas odnowienia","你拿着的魔杖冷却时间会减少","手に持っている杖のクールダウンが短くなります","당신이 들고 있는 마법봉의 재사용 대기시간이 줄어듭니다",,,,,,,
ml_wand_more_mana,"More mana","Больше маны","Más maná","Mais mana","Mehr Mana","Plus de mana","Più mana","Więcej many","更多法力","より多くのマナ","더 많은 마나",,,,,,,
ml_wand_more_mana_tp,"The wand you are holding gains max mana","Жезл у вас в руке получает больше маны","La vara que tienes obtiene más maná máximo","A varinha que você está segurando ganha mana máxima","Der Zauberstab, den du hältst, erhält mehr maximale Mana","La baguette que vous tenez gagne du mana maximum","La bacchetta che stai tenendo guadagna mana massimo","Różdżka, którą trzymasz, zyskuje więcej maksymalnej many","你拿着的魔杖会获得更多的最大法力","手に持っている杖が最大マナを増加させます","당신이 들고 있는 마법봉이 최대 마나를 얻습니다",,,,,,,
ml_wand_more_recharge,"More mana charge","Больше регенерации маны","Más regeneración de maná","Mais regeneração de mana","Mehr Manaregeneration","Plus de régénération de mana","Più rigenerazione di mana","Więcej regeneracji many","更多法力恢复","より多くのマナ回復","더 많은 마나 충전",,,,,,,
ml_wand_more_recharge_tp,The wand you are holding gains more mana recharge,Жезл у вас в руке получает больше регенерации маны,O cajado em suas mãos ganha mais recarga de mana,La varita que sostienes gana más recarga de maná,Der Stab in deiner Hand erhält mehr Mana-Wiederaufladung,La baguette que vous tenez gagne plus de recharge de mana,La bacchetta che hai in mano ottiene più rigenerazione di mana,Różdżka w twojej dłoni zyskuje większe odnawianie many,你手中的魔杖获得了更多的法力充能,手に持っている杖のマナ回復量が増加します,들고 있는 지팡이가 더 많은 마나 충전을 얻습니다,,,,,,,,,,
ml_wand_more_capacity,More capacity,Больше объема,Mais capacidade,Más capacidad,Mehr Kapazität,Plus de capacité,Maggiore capacità,Większa pojemność,更多容量,容量増加,더 많은 슬롯,,,,,,,,,,
ml_wand_more_capacity_tp,The wand you are holding gains more capacity,Жезл у вас в руке вмещает больше заклинаний,O cajado em suas mãos ganha mais capacidade,La varita que sostienes gana más capacidad,Der Stab in deiner Hand hat mehr Kapazität,La baguette que vous tenez gagne plus de capacité,La bacchetta che hai in mano ottiene più capacità,Różdżka w twojej dłoni ma większą pojemność,你手中的魔杖获得了更多的容量,手に持っている杖の容量が増加します,들고 있는 지팡이가 더 많은 슬롯을 가질 수 있습니다,,,,,,,,,,
ml_wand_more_capacity_tp_no_limit,The wand you are holding gains more capacity (no limit!),Жезл у вас в руке вмещает больше заклинаний (без лимита!),O cajado em suas mãos ganha mais capacidade (sem limite!),La varita que sostienes gana más capacidad (sin límite),Der Stab in deiner Hand hat mehr Kapazität (kein Limit!),La baguette que vous tenez gagne plus de capacité (sans limite !),La bacchetta che hai in mano ottiene più capacità (senza limiti!),Różdżka w twojej dłoni ma większą pojemność (bez limitu!),你手中的魔杖获得了更多的容量 (没有限制！),手に持っている杖の容量が増加します（無制限！）,들고 있는 지팡이가 더 많은 슬롯을 가질 수 있습니다 (제한 없음!),,,,,,,,,,
ml_wand_no_shuffle,No shuffle,Без случайностей,Sem embaralhamento,Sin barajar,Kein Mischen,Pas de mélange,Nessun rimescolamento,Bez mieszania,无随机性,シャッフルなし,섞이지 않음,,,,,,,,,,
ml_wand_no_shuffle_tp,The wand you are holding will become non-shuffle,Жезл у вас в руке теряет случайный порядок,O cajado em suas mãos não será mais embaralhado,La varita que sostienes no será aleatoria,Der Stab in deiner Hand wird nicht mehr gemischt,La baguette que vous tenez ne sera plus mélangée,La bacchetta che hai in mano non sarà più casuale,Różdżka w twojej dłoni przestanie być losowa,你手中的魔杖将变得非随机,手に持っている杖がランダムでなくなります,들고 있는 지팡이가 섞이지 않게 됩니다,,,,,,,,,,
ml_wand_more_recharge_and_mana,Capable wand,Способный жезл,Cajado capaz,Varita capaz,Fähiger Stab,Baguette capable,Bacchetta capace,Zdolna różdżka,能力法杖,強化された杖,능력 있는 지팡이,,,,,,,,,,
ml_wand_more_recharge_and_mana_tp,The wand you are holding gains more mana and mana charge,Жезл у вас в руке получает больше маны и регенерацию маны,O cajado em suas mãos ganha mais mana e recarga de mana,La varita que sostienes gana más maná y recarga de maná,Der Stab in deiner Hand erhält mehr Mana und Mana-Aufladung,La baguette que vous tenez gagne plus de mana et de recharge de mana,La bacchetta che hai in mano ottiene più mana e rigenerazione di mana,Różdżka w twojej dłoni otrzymuje więcej many i regeneracji many,你手中的魔杖获得了更多的法力和法力充能,手に持っている杖のマナとマナ回復量が増加します,들고 있는 지팡이가 더 많은 마나와 마나 충전을 얻습니다,,,,,,,,,,
ml_wand_lower_spread,Lower spread,Меньший разброс,Menor dispersão,Menor dispersión,Weniger Streuung,Moins de dispersion,Minore dispersione,Mniejszy rozrzut,更小的散射,拡散減少,확산 감소,,,,,,,,,,
ml_wand_lower_spread_tp,The wand you are holding will have less spread,Жезл у вас в руке будет иметь меньше разброса,O cajado em suas mãos terá menor dispersão,La varita que sostienes tendrá menos dispersión,Der Stab in deiner Hand wird weniger Streuung haben,La baguette que vous tenez aura moins de dispersion,La bacchetta che hai in mano avrà meno dispersione,Różdżka w twojej dłoni będzie miała mniejszy rozrzut,你手中的魔杖会减少散射,手に持っている杖の拡散が減少します,들고 있는 지팡이의 확산이 줄어듭니다,,,,,,,,,,
ml_more_experience,More experience,Больше опыта,Mais experiência,Más experiencia,Mehr Erfahrung,Plus d'expérience,Più esperienza,Więcej doświadczenia,更多经验,経験増加,더 많은 경험치,,,,,,,,,,
ml_more_experience_tp,Kills grant $0 more experience,Убийство приносит на $0 больше опыта,Abates concedem $0 mais experiência,Las muertes otorgan $0 más experiencia,Tötungen gewähren $0 mehr Erfahrung,Les éliminations accordent $0 d'expérience supplémentaire,Le uccisioni garantiscono $0 esperienza in più,Zabójstwa dają o $0 więcej doświadczenia,击杀奖励$0点额外经验,倒した敵から経験値が$0増加します,처치 시 $0만큼 더 많은 경험치를 얻습니다,,,,,,,,,,
ml_more_experience_trick,Trick experience,Случайный опыт,Experiência de truque,Experiencia de truco,Trick-Erfahrung,Expérience de ruse,Esperienza trucco,Doświadczenie za sztuczki,诡计经验,トリック経験,트릭 경험치,,,,,,,,,,
ml_more_experience_trick_tp,Trick kills grant $0 more experience,Случайные убийства приносит на $0 больше опыта,Abates com truques concedem $0 mais experiência,Las muertes con truco otorgan $0 más experiencia,Tötungen durch Tricks gewähren $0 mehr Erfahrung,Les éliminations par ruse accordent $0 d'expérience supplémentaire,Le uccisioni per trucco garantiscono $0 esperienza in più,Zabójstwa poprzez sztuczki dają o $0 więcej doświadczenia,诡计击杀奖励$0点额外经验,トリックキルで$0の追加経験値を得られます,트릭 처치 시 $0만큼 더 많은 경험치를 얻습니다,,,,,,,,,,
ml_more_experience_betray,Stray experience,Шальной опыт,Experiência perdida,Experiencia errante,Verirrte Erfahrung,Expérience errante,Esperienza casuale,Zagubione doświadczenie,流散经验,迷子の経験,떠돌이 경험치,,,,,,,,,,
ml_more_experience_betray_tp,You will gain experience when you observe friendly fire,Вы будете получать опыт когда наблюдаете за дружественным огнём,Você ganhará experiência ao observar fogo amigo,Ganarás experiencia cuando observes fuego amigo,"Du erhältst Erfahrung, wenn du Friendly Fire beobachtest",Vous gagnerez de l'expérience en observant des tirs amis,Guadagnerai esperienza quando osserverai il fuoco amico,"Będziesz zdobywać doświadczenie, obserwując ogień sojuszniczy",当你观察友军误伤时会获得经验,味方への誤射を観察すると経験値を得られます,아군 오발을 관찰할 때 경험치를 얻습니다,,,,,,,,,,
ml_more_more_experience_betray,More stray experience,Больше шального опыта,Mais experiência perdida,Más experiencia errante,Mehr verirrte Erfahrung,Plus d'expérience errante,Più esperienza casuale,Więcej zagubionego doświadczenia,更多流散经验,さらに迷子の経験,더 많은 떠돌이 경험치,,,,,,,,,,
ml_more_more_experience_betray_tp,You will gain 25% more stray experience,Вы будете получать на 25% больше шального опыта,Você ganhará 25% mais experiência perdida,Ganarás un 25% más de experiencia errante,Du erhältst 25 % mehr verirrte Erfahrung,Vous gagnerez 25 % d'expérience errante supplémentaire,Guadagnerai il 25% in più di esperienza casuale,Otrzymasz o 25% więcej zagubionego doświadczenia,你会获得25%额外的流散经验,迷子の経験値が25%増加します,떠돌이 경험치를 25% 더 얻게 됩니다,,,,,,,,,,
ml_heal_con,Heal,Лечение,Cura,Curación,Heilung,Soin,Cura,Leczenie,治疗,治癒,치유,,,,,,,,,,
ml_heal_con_tp,Heals you for $0 hp,Лечит вас на $0 здоровья,Cura você em $0 de HP,Te cura $0 de vida,Heilt dich um $0 Lebenspunkte,Vous soigne de $0 points de vie,Ti cura di $0 punti salute,Leczy cię za $0 punktów życia,治疗你$0点生命值,$0のHPを回復します,$0만큼 체력을 회복합니다,,,,,,,,,,
ml_permanent_concentrated_mana,Permanent concentrated mana,Вечная концентрированная мана,Mana Concentrada Permanente,Mana Concentrada Permanente,Permanente konzentrierte Mana,Mana concentrée permanente,Mana Concentrata Permanente,Stała Skoncentrowana Mana,永久集中法力,永続的な濃縮マナ,영구 농축 마나,
ml_permanent_concentrated_mana_tp,"Gives you reduced, but permanent concentrated mana","Даёт вам ослабленную, но вечную концентрированную ману","Concede a você mana concentrada permanente, mas reduzida","Te da mana concentrada permanente pero reducida","Gibt dir reduzierte, aber permanente konzentrierte Mana","Vous donne une mana concentrée permanente mais réduite","Ti fornisce mana concentrata permanente ma ridotta","Zapewnia zredukowaną, ale stałą skoncentrowaną manę","提供减少但永久的集中法力","弱体化したが永続的な濃縮マナを得る","영구 농축 마나를 제공하지만 약화된 상태로 제공됩니다",
ml_projectile_damage_increase,More projectile damage,Больше урона снарядами,Mais Dano de Projéteis,Más Daño de Proyectiles,Mehr Projektilschaden,Plus de dégâts de projectiles,Più Danno ai Proiettili,Więcej obrażeń pocisków,更多投射物伤害,投射物のダメージ増加,투사체 피해 증가,
ml_projectile_damage_increase_tp,Your projectiles deal 10% more damage,Ваши снаряды наносят на 10% больше урона,Seus projéteis causam 10% mais dano,Tus proyectiles infligen un 10% más de daño,Deine Projektile verursachen 10% mehr Schaden,Vos projectiles infligent 10 % de dégâts supplémentaires,I tuoi proiettili infliggono il 10% di danni in più,Twoje pociski zadają o 10% więcej obrażeń,你的投射物伤害增加10%,投射物が10%の追加ダメージを与えるようになる,투사체가 10% 더 많은 피해를 입힙니다,
ml_elemental_damage_increase,More elemental damage,Больше элементального урона,Mais Dano Elemental,Más Daño Elemental,Mehr Elementarschaden,Plus de dégâts élémentaires,Più Danno Elementale,Więcej obrażeń od żywiołów,更多元素伤害,元素ダメージ増加,원소 피해 증가,
ml_elemental_damage_increase_tp,You deal 30% more elemental damage,Вы наносите на 30% больше элементального урона,Você causa 30% mais dano elemental,Infliges un 30% más de daño elemental,Du verursachst 30% mehr Elementarschaden,Vous infligez 30 % de dégâts élémentaires supplémentaires,Infliggi il 30% in più di danno elementale,Zadajesz o 30% więcej obrażeń od żywiołów,你的元素伤害增加30%,30%の追加元素ダメージを与える,원소 피해가 30% 증가합니다,
ml_drill_damage_increase,Deadly drills,Смертельные дрелли,Drills Mortais,Taladros Mortales,Tödliche Bohrer,Perceuses Mortelles,Trapani Letali,Śmiertelne wiertła,致命的钻头,致命なドリル,치명적인 드릴,
ml_drill_damage_increase_tp,Your drills are dealing more damage,Ваши дрелли наносят больше урона,Seus brocas causam mais dano,Tus taladros infligen más daño,Deine Bohrer verursachen mehr Schaden,Vos perceuses infligent plus de dégâts,I tuoi trapani infliggono più danni,Twoje wiertła zadają więcej obrażeń,你的钻头伤害更高,ドリルがより多くのダメージを与える,드릴이 더 많은 피해를 입힙니다,
ml_drill_destructibility_increase,Harder drill,Крепкий дрелль,Broca Mais Dura,Taladro Más Duro,Härterer Bohrer,Perceuse Plus Solide,Trapano più Duro,Twardsze wiertło,更坚硬的钻头,硬化したドリル,더 단단한 드릴,
ml_drill_destructibility_increase_tp,Your drills are capable of digging through harder materials,Ваши дрелли способны копать более твёрдые материалы,Suas brocas são capazes de perfurar materiais mais duros,Tus taladros pueden perforar materiales más duros,Deine Bohrer können durch härteres Material graben,Vos perceuses peuvent creuser dans des matériaux plus solides,I tuoi trapani possono scavare materiali più duri,Twoje wiertła mogą wiercić w twardszych materiałach,你的钻头可以穿透更坚硬的材料,より硬い素材を掘削可能になる,드릴이 더 단단한 재료를 뚫을 수 있습니다,
ml_force_fungal_shift,Fungal shift,Грибной сдвиг,Alteração Fúngica,Cambio Fúngico,Pilzverschiebung,Changement Fongique,Mutazione Fungina,Grzybowa zmiana,真菌转换,菌類変化,진균 변화,
ml_force_fungal_shift_tp,Force fungal shift beyond limits,Сделать грибной сдвиг не взирая на лимит,Força a alteração fúngica além dos limites,Forzar cambio fúngico más allá de los límites,Pilzverschiebung jenseits der Grenzen erzwingen,Forcer le changement fongique au-delà des limites,Forzare il mutamento fungino oltre i limiti,Wymusić zmianę grzybową poza ograniczeniami,突破限制强制真菌转换,制限を超えた菌類変化を強制的に行う,한계를 넘어서 진균 변화를 강제로 수행합니다,
ml_transformation_rat,Ratty transformation,Крысиная трансформация,Transformação de Rato,Transformación de Rata,Rattenverwandlung,Transformation en Rat,Trasformazione in Ratto,Szczurza przemiana,老鼠变形,ネズミの変身,쥐 변신,
ml_transformation_rat_tp,Cause you to grow a rat tail and increase movement speed by 15%,У вас вырастает крысиный хвост и ваша скорость передвижения увеличивается на 15%,Faz com que você cresça um rabo de rato e aumente a velocidade de movimento em 15%,Causa que te crezca una cola de rata y aumente tu velocidad de movimiento en un 15%,Lässt dich einen Rattenschwanz wachsen und erhöht deine Bewegungsgeschwindigkeit um 15 %,Vous fait pousser une queue de rat et augmente votre vitesse de déplacement de 15 %,Ti fa crescere una coda di ratto e aumenta la velocità di movimento del 15%,Sprawia że wyrasta ci szczurzy ogon, a szybkość poruszania się wzrasta o 15%,让你长出老鼠尾巴，移动速度提升15%,ネズミの尾が生え、移動速度が15%上昇する,쥐 꼬리가 자라고 이동 속도가 15% 증가합니다,
ml_transformation_fungi,Funky transformation,Грибная трансформация,Transformação Funky,Transformación Divertida,Schräge Verwandlung,Transformation Farfelue,Trasformazione Funky,Funkowa przemiana,滑稽的变形,ユニークな変身,펑키한 변신,
ml_transformation_fungi_tp,Cause your head to turn into a mushroom and give 10% resistance to explosion damage,Ваша голова превращается в гриб и вы получаете 15% сопротивления к урону от взрывов,Sua cabeça se transforma em um cogumelo e concede 10% de resistência a danos de explosão,Tu cabeza se convierte en un hongo y obtienes un 10% de resistencia al daño por explosiones,Dein Kopf verwandelt sich in einen Pilz und du erhältst 10 % Widerstand gegen Explosionsschaden,Votre tête se transforme en champignon et vous obtenez 10 % de résistance aux dégâts d'explosion,La tua testa si trasforma in un fungo e ottieni il 10% di resistenza ai danni da esplosione,"Twoja głowa zamienia się w grzyb, a ty zyskujesz 10% odporności na obrażenia od wybuchów",你的头部变成蘑菇并获得10%爆炸伤害抗性,頭がキノコに変わり、爆発ダメージ耐性が10%増加する,머리가 버섯으로 변하고 폭발 피해 저항이 10% 증가합니다,
ml_transformation_ghost,Ghostly transformation,Паранормальная трансформация,Transformação Fantasmagórica,Transformación Fantasmal,Geisterhafte Verwandlung,Transformation Fantomatique,Trasformazione Spettrale,Upiorna przemiana,幽灵般的变形,幽霊の変身,유령 같은 변신,
ml_transformation_ghost_tp,Give you a ghost companion and increase your levitation time by 15%,Даёт вам призрачных компаньонов и вы можете левитировать на 15% дольше,Dá a você um companheiro fantasma e aumenta o seu tempo de levitação em 15%,Te da un compañero fantasma y aumenta tu tiempo de levitación en un 15%,Gibt dir einen Geistergefährten und erhöht deine Schwebedauer um 15 %,Vous donne un compagnon fantôme et augmente votre temps de lévitation de 15 %,Ti dà un compagno fantasma e aumenta il tempo di levitazione del 15%,Daje ci towarzysza ducha i wydłuża czas lewitacji o 15%,给你一个幽灵伙伴并增加15%的漂浮时间,幽霊の仲間を得られ、浮遊時間が15%増加する,유령 동료를 얻고 비행 시간이 15% 증가합니다,
ml_transformation_lukki,Lukki transformation,Паучья трансформация,Transformação Lukki,Transformación Lukki,Lukki-Verwandlung,Transformation en Lukki,Trasformazione in Lukki,Przemiana w Lukki,虫类变形,ルッキの変身,루키 변신,
ml_transformation_lukki_tp,"Replace your lower body with a lukki body and increase movement speed by 10%","Заменяет вашу нижнюю часть тела паучьим телом и увеличивает скорость передвижения на 10%","Reemplaza tu parte inferior del cuerpo con un cuerpo de lukki y aumenta la velocidad de movimiento en un 10%","Substitui a parte inferior do seu corpo por um corpo de lukki e aumenta a velocidade de movimento em 10%","Ersetzt deinen Unterkörper durch einen Lukki-Körper und erhöht die Bewegungsgeschwindigkeit um 10%","Remplacez le bas de votre corps par un corps de lukki et augmentez la vitesse de déplacement de 10 %","Sostituisce la parte inferiore del tuo corpo con un corpo di lukki e aumenta la velocità di movimento del 10%","Zastępuje dolną część twojego ciała ciałem lukki i zwiększa prędkość poruszania się o 10%","将你的下半身替换为卢基身体，并将移动速度提高10%","下半身をルッキの体に置き換え、移動速度を10％向上させます","하반신을 루키 몸으로 바꾸고 이동 속도를 10% 증가시킵니다",,,,,,,
ml_transformation_angel,Angel transformation,Ангельская трансформация,Transformação Angelical,Transformación Angelical,Engelsverwandlung,Transformation Angélique,Trasformazione Angelica,Anielska przemiana,天使变形,天使の変身,천사 변신,,,,,,,,,,,
ml_transformation_angel_tp,Gives you angel halo and increases your fire and holy damage resistance by 10%,Даёт вам ангельский нимб и увеличивает ваши сопротивления к огню и святому урону на 10%,Concede a você um halo angelical e aumenta sua resistência a dano de fogo e sagrado em 10%,Te da un halo angelical y aumenta tu resistencia al daño de fuego y santo en un 10%,Gibt dir einen Engelsring und erhöht deine Feuer- und Heiligschadensresistenz um 10 %,Vous donne une auréole angélique et augmente votre résistance aux dégâts de feu et sacrés de 10 %,Ti conferisce un'aureola angelica e aumenta la tua resistenza al fuoco e al danno sacro del 10%,Daje ci anielski nimb i zwiększa odporność na obrażenia od ognia i świętego o 10%,给予天使光环并提升10%的火焰和神圣伤害抗性,天使の光輪を授け、火と聖ダメージ耐性を10%上げる,천사 후광을 얻고 화염 및 신성 피해 저항이 10% 증가합니다,,,,,,,,,,,
ml_transformation_demon,Demon transformation,Демоническая трансформация,Transformação Demoníaca,Transformación Demoníaca,Dämonenverwandlung,Transformation Démoniaque,Trasformazione Demoniaca,Demoniczna przemiana,恶魔变形,悪魔の変身,악마 변신,,,,,,,,,,,
ml_transformation_demon_tp,Gives you demon halo and increases your fire and holy damage resistance by 10%,Даёт вам демонический нимб и увеличивает ваши сопротивления к огню и святому урону на 10%,Concede a você um halo demoníaco e aumenta sua resistência a dano de fogo e sagrado em 10%,Te da un halo demoníaco y aumenta tu resistencia al daño de fuego y santo en un 10%,Gibt dir einen Dämonenring und erhöht deine Feuer- und Heiligschadensresistenz um 10 %,Vous donne une auréole démoniaque et augmente votre résistance aux dégâts de feu et sacrés de 10 %,Ti conferisce un'aureola demoniaca e aumenta la tua resistenza al fuoco e al danno sacro del 10%,Daje ci demoniczny nimb i zwiększa odporność na obrażenia od ognia i świętego o 10%,给予恶魔光环并提升10%的火焰和神圣伤害抗性,悪魔の光輪を授け、火と聖ダメージ耐性を10%上げる,악마 후광을 얻고 화염 및 신성 피해 저항이 10% 증가합니다,,,,,,,,,,,
ml_random_potion,Random potion,Случайное зелье,Poção Aleatória,Poción Aleatoria,Zufälliger Trank,Potion Aléatoire,Pozione Casuale,Losowy eliksir,随机药水,ランダムポーション,랜덤 물약,,,,,,,,,,,
ml_random_potion_tp,Gives you a random potion,Даёт вам случайное зелье,Concede a você uma poção aleatória,Te da una poción aleatoria,Gibt dir einen zufälligen Trank,Vous donne une potion aléatoire,Ti dà una pozione casuale,Daje ci losowy eliksir,给予一个随机药水,ランダムなポーションを授ける,랜덤한 물약을 제공합니다,,,,,,,,,,,
ml_random_potion_complete_tp,Gives you a completely random potion,Даёт вам совершенно случайное зелье,Concede a você uma poção completamente aleatória,Te da una poción completamente aleatoria,Gibt dir einen völlig zufälligen Trank,Vous donne une potion complètement aléatoire,Ti dà una pozione completamente casuale,Daje ci całkowicie losowy eliksir,给予一个完全随机的药水,完全ランダムなポーションを授ける,완전히 랜덤한 물약을 제공합니다,,,,,,,,,,,
ml_random_potion_secret_tp,Gives you a random potion from secret pool,Даёт вам случайное зелье из секретного пула,Concede a você uma poção aleatória do pool secreto,Te da una poción aleatoria del grupo secreto,Gibt dir einen zufälligen Trank aus dem geheimen Pool,Vous donne une potion aléatoire du pool secret,Ti dà una pozione casuale dal pool segreto,Daje ci losowy eliksir z tajnej puli,从秘密池中给予一个随机药水,秘密プールからランダムなポーションを授ける,비밀 풀에서 랜덤한 물약을 제공합니다,,,,,,,,,,,
ml_potion_static,You will get a potion of $0,Вы получите пузырь $0,Você receberá uma poção de $0,Obtendrás una poción de $0,Du erhältst einen Trank von $0,Vous recevrez une potion de $0,Riceverai una pozione di $0,Otrzymasz eliksir $0,你会得到一个$0的药水,$0のポーションを取得します,$0 물약을 받게 됩니다,,,,,,,,,,,
ml_spell_static,You will get a spell: $0,Вы получите заклинание: $0,Você receberá uma magia: $0,Obtendrás un hechizo: $0,Du erhältst einen Zauber: $0,Vous recevrez un sort : $0,Riceverai un incantesimo: $0,Otrzymasz zaklęcie: $0,你会得到一个法术：$0,呪文を取得します：$0,$0 주문을 받게 됩니다,,,,,,,,,,,
ml_hover_energy_tp,You can fly longer,Можно летать дольше,Você pode voar por mais tempo,Puedes volar por más tiempo,Du kannst länger fliegen,Vous pouvez voler plus longtemps,Puoi volare più a lungo,Możesz latać dłużej,你可以飞得更久,より長く飛行できるようになる,더 오래 비행할 수 있습니다,,,,,,,,,,,
ml_hover_speed,Slightly faster levitation,Слегка ускоренная левитация,Levitación ligeiramente mais rápida,Levitación ligeramente más rápida,Leicht schnellere Levitation,Lévitation légèrement plus rapide,Levitazione leggermente più veloce,Lekko szybsza lewitacja,稍微加快的悬浮速度,若干早くなる浮遊,약간 더 빠른 비행 속도,,,,,,,,,,,
ml_hover_speed_tp,You levitate faster,Левитация быстрее,Você levita mais rápido,Levitas más rápido,Du schwebst schneller,Vous lévitez plus rapidement,Leviti più velocemente,Lewitujesz szybciej,悬浮速度更快,より速く浮遊できる,더 빠르게 비행할 수 있습니다,,,,,,,,,,,
ml_hover_recharge,Faster levitation recovery,Ускоренная перезарядка полёта,Recuperação de levitação mais rápida,Recuperación de levitación más rápida,Schnellere Levitationserholung,Récupération de lévitation plus rapide,Ripristino della levitazione più veloce,Szybsze odzyskiwanie energii lewitacji,更快的悬浮能量恢复,早くなる浮遊回復,비행 에너지 회복 속도 증가,,,,,,,,,,,
ml_hover_recharge_tp,You gain levitation energy faster,Вы быстрее восстанавливаете энергию левитации,Você ganha energia de levitação mais rápido,Ganas energía de levitación más rápido,Du erhältst schneller Levitationsernergie,Vous gagnez de l'énergie de lévitation plus rapidement,Ottieni energia di levitazione più velocemente,Odyskujesz energię lewitacji szybciej,你更快获得悬浮能量,浮遊エネルギーの回復が早くなる,비행 에너지를 더 빨리 회복합니다,,,,,,,,,,,
ml_bigger_lungs,Bigger lungs,Увеличенные легкие,Pulmões Maiores,Pulmones Más Grandes,Größere Lungen,Poumons Plus Grands,Polmoni Più Grandi,Większe płuca,更大的肺,大きな肺,큰 폐,,,,,,,,,,,
ml_bigger_lungs_tp,You can hold your breath longer,Вы можете дольше задерживать дыхание,Você consegue prender a respiração por mais tempo,Puedes contener la respiración por más tiempo,Du kannst länger die Luft anhalten,Vous pouvez retenir votre souffle plus longtemps,Puoi trattenere il respiro più a lungo,Możesz dłużej wstrzymać oddech,你可以憋气更久,息を長く止められる,더 오래 숨을 참을 수 있습니다,,,,,,,,,,,
ml_projectile_resistance,Projectile resistance,Сопротивление снарядам,Resistência a Projéteis,Resistencia a Proyectiles,Projektilresistenz,Résistance aux Projectiles,Resistenza ai Proiettili,Odporność na pociski,投射物抗性,投射物耐性,투사체 저항,,,,,,,,,,
ml_projectile_resistance_tp,"You take less damage from projectiles","Вы получаете меньше урона от снарядов","Recibes menos daño de proyectiles","Você recebe menos dano de projéteis","Du nimmst weniger Schaden durch Projektile","Vous subissez moins de dégâts des projectiles","Subisci meno danni dai proiettili","Otrzymujesz mniej obrażeń od pocisków","你从投射物中受到的伤害减少","投射物によるダメージが減少します","발사체로부터 받는 피해가 줄어듭니다",,,,,,,
ml_explosion_resistance,"Explosion resistance","Сопротивление взрывам","Resistencia a explosiones","Resistência a explosões","Explosionsresistenz","Résistance aux explosions","Resistenza alle esplosioni","Odporność na wybuchy","爆炸抗性","爆発耐性","폭발 저항",,,,,,,
ml_explosion_resistance_tp,"You take less damage from explosions","Вы получаете меньше урона от взрывов","Recibes menos daño de explosiones","Você recebe menos dano de explosões","Du nimmst weniger Schaden durch Explosionen","Vous subissez moins de dégâts des explosions","Subisci meno danni dalle esplosioni","Otrzymujesz mniej obrażeń od wybuchów","你从爆炸中受到的伤害减少","爆発によるダメージが減少します","폭발로부터 받는 피해가 줄어듭니다",,,,,,,
ml_melee_resistance,"Melee resistance","Сопротивление рукопашной","Resistencia al combate cuerpo a cuerpo","Resistência a ataques corpo a corpo","Nahkampfresistenz","Résistance au corps à corps","Resistenza al combattimento corpo a corpo","Odporność na obrażenia w walce wręcz","近战抗性","近接攻撃耐性","근접 공격 저항",,,,,,,
ml_melee_resistance_tp,"You take less damage from melee damage","Вы получаете меньше урона от рукопашной","Recibes menos daño de ataques cuerpo a cuerpo","Você recebe menos dano de ataques corpo a corpo","Du nimmst weniger Schaden durch Nahkampfschaden","Vous subissez moins de dégâts des attaques au corps à corps","Subisci meno danni dagli attacchi corpo a corpo","Otrzymujesz mniej obrażeń w walce wręcz","你从近战攻击中受到的伤害减少","近接攻撃によるダメージが減少します","근접 공격으로부터 받는 피해가 줄어듭니다",,,,,,,
ml_spell_drills,"Random drill","Случайная дрелль","Taladro aleatorio","Broca aleatória","Zufälliger Bohrer","Foret aléatoire","Trapano casuale","Losowa wiertarka","随机钻头","ランダムなドリル","무작위 드릴",,,,,,,
ml_spell_drills_tp,"Spawn a random drill","Создаёт случайный дрелль","Genera un taladro aleatorio","Cria uma broca aleatória","Erschafft einen zufälligen Bohrer","Fait apparaître un foret aléatoire","Genera un trapano casuale","Tworzy losową wiertarkę","生成一个随机钻头","ランダムなドリルを生成します","무작위 드릴을 생성합니다",,,,,,,
ml_spell_glimmers,"Random glimmer","Случайное мерцание","Destello aleatorio","Cintilação aleatória","Zufälliges Glitzern","Scintillement aléatoire","Bagliore casuale","Losowy błysk","随机微光","ランダムな輝き","무작위 글리머",,,,,,,
ml_spell_glimmers_tp,"Spawn a random glimmer","Создаёт случайное сияние","Genera un destello aleatorio","Cria uma cintilação aleatória","Erschafft ein zufälliges Glitzern","Fait apparaître un scintillement aléatoire","Genera un bagliore casuale","Tworzy losowy błysk","生成一个随机微光","ランダムな輝きを生成します","무작위 글리머를 생성합니다",,,,,,,
ml_polymorph_immunity,"Polymorph immunity","Иммунитет полиморфизму","Inmunidad al polimorfismo","Imunidade a polimorfismo","Polymorphimmunität","Immunité au polymorphisme","Immunità al polimorfismo","Odporność na polimorfizm","变形免疫","ポリモーフ耐性","폴리모프 면역",,,,,,,
ml_polymorph_immunity_tp,"You will be immune to polymorph","Вы будете имунны к полиморфизму","Serás inmune al polimorfismo","Você será imune ao polimorfismo","Du wirst immun gegen Polymorph sein","Vous serez immunisé contre le polymorphisme","Sarai immune al polimorfismo","Będziesz odporny na polimorfizm","你将对变形免疫","ポリモーフに対して免疫になります","폴리모프에 면역이 됩니다",,,,,,,
ml_polymorph_immunity_tp2,"Be careful, you may not be able to die","Будьте осторожны, возможно вы не сможете умереть","Ten cuidado, puede que no puedas morir","Seja cuidadoso, talvez você não consiga morrer","Achtung, du könntest unfähig sein zu sterben","Faites attention, vous pourriez ne pas être en mesure de mourir","Stai attento, potresti non riuscire a morire","Uważaj, możesz nie być w stanie umrzeć","小心，你可能无法死亡","注意、あなたは死ぬことができなくなる可能性があります","조심하세요, 죽을 수 없게 될 수도 있습니다",,,,,,,
ml_slightly_more_perks,"Slightly more perks","Слегка больше перков","Un poco más de ventajas","Alguns perks extras","Ein paar mehr Perks","Un peu plus d’avantages","Alcuni vantaggi in più","Nieco więcej profitów","稍微多一些增益","少しだけパークを増やします","약간 더 많은 특전",,,,,,,
ml_slightly_more_perks_tp,"From now on you will find an extra perk in every other Holy Mountain","Теперь вы будете находить дополнительный перк на каждой второй Святой горе","De ahora en adelante encontrarás una ventaja extra en cada otra Montaña Sagrada","De agora em diante, você encontrará um perk extra em toda outra Montanha Sagrada","Von jetzt an wirst du in jedem zweiten Heiligen Berg einen zusätzlichen Perk finden","À partir de maintenant, vous trouverez un avantage supplémentaire dans chaque autre Montagne Sainte","D’ora in poi troverai un bonus extra in ogni altra Montagna Sacra","Od teraz znajdziesz dodatkowy profit na co drugiej Świętej Górze","从现在起，在每隔一座圣山中，你会发现一个额外的增益","これからは、聖なる山ごとに1つの追加パークが現れます","이제부터는 성스러운 산에서 추가 특전을 발견할 수 있습니다",,,,,,,
ml_buff_temporary_tp,"You will gain $0 effect for $1 seconds","Вы получите эффект $0 на $1 секунд","Obtendrás el efecto $0 por $1 segundos","Você ganhará o efeito $0 por $1 segundos","Du wirst den $0-Effekt für $1 Sekunden erhalten","Vous obtiendrez l'effet $0 pendant $1 secondes","Otterrai l'effetto $0 per $1 secondi","Zdobędziesz efekt $0 na $1 sekund","你将获得$0效果，持续$1秒","$0 効果を $1 秒間得ることができます","$0 효과를 $1초 동안 얻을 것입니다",,,,,,,
ml_buff_oily,"Oil makes you slippery and more cute","Нефть делает вас скользкими и милыми","El aceite te hace resbaladizo y más lindo","Óleo te faz escorregadio e mais fofo","Öl macht dich glitschig und niedlicher","L'huile vous rend glissant et plus mignon","L'olio ti rende scivoloso e più carino","Olej sprawia, że jesteś śliski i bardziej uroczy","油使你变得滑溜和更可爱","オイルはあなたを滑らせ、より可愛らしくします","기름이 당신을 미끄럽고 귀엽게 만듭니다",,,,,,,
ml_buff_explosion_radius,"Explosion radius","Радиус взрыва","Radio de explosión","Raio de explosão","Explosionsradius","Rayon d'explosion","Raggio d'esplosione","Promień wybuchu","爆炸半径","爆発の半径","폭발 반경",,,,,,,
ml_buff_explosion_radius_tp,"Increases explosion radius of your projectile by $0","Увеличивает радиус взрыва ваших снарядов на $0","Aumenta el radio de explosión de tu proyectil en $0","Aumenta o raio de explosão do seu projétil em $0","Erhöht den Explosionsradius deines Projektils um $0","Augmente le rayon d'explosion de votre projectile de $0","Aumenta il raggio d'esplosione dei tuoi proiettili di $0","Zwiększa promień wybuchu twoich pocisków o $0","将你的投射物的爆炸半径增加$0","あなたの投射物の爆発半径を $0 増やします","당신의 발사체의 폭발 반경이 $0만큼 증가합니다",,,,,,,
ml_buff_explosion_damage,"Explosion damage","Урон взрыва","Daño de explosión","Dano de explosão","Explosionsschaden","Dégâts d'explosion","Danno da esplosione","Obrażenia od wybuchu","爆炸伤害","爆発のダメージ","폭발 피해",,,,,,,
ml_buff_explosion_damage_tp,"Increase explosion damage of your projectile by $0","Увеличивает урон взрыва ваших снарядов на $0","Aumenta el daño de explosión de tu proyectil en $0","Aumenta o dano de explosão do seu projétil em $0","Erhöht den Explosionsschaden deines Projektils um $0","Augmente les dégâts d'explosion de votre projectile de $0","Aumenta i danni da esplosione dei tuoi proiettili di $0","Zwiększa obrażenia od wybuchu twoich pocisków o $0","将你的投射物的爆炸伤害增加$0","あなたの投射物の爆発ダメージを $0 増やします","당신의 발사체의 폭발 피해가 $0만큼 증가합니다",,,,,,,
ml_remove_hp_cap,"Unbroken heart","Неразбитое сердце","Corazón intacto","Coração inquebrável","Ungebrochenes Herz","Cœur intact","Cuore indomito","Niezłamane serce","未破碎的心","割れないハート","깨지지 않은 심장",,,,,,,
ml_remove_hp_cap_tp,"Removes hp limit from glass cannon or else","Убирает ограничение здоровья","Elimina el límite de vida del cañón de cristal u otra cosa","Remove o limite de HP do canhão de vidro ou outra coisa","Entfernt das HP-Limit von Glasgeschützen oder anderem","Supprime la limite de points de vie du canon en verre ou autre","Rimuove il limite di HP dal cannone di vetro o altro","Usuwa limit HP z szklanej armaty lub innego","移除玻璃加农炮等的生命值上限","ガラスキャノンやその他のHP制限を解除します","유리 캐논이나 기타의 HP 한계를 제거합니다",,,,,,,
ml_electricity_resistance,"Electricity resistance","Сопротивление электричеству","Resistencia a la electricidad","Resistência à eletricidade","Elektrizitätsresistenz","Résistance à l'électricité","Resistenza all'elettricità","Odporność na elektryczność","电抗性","電気耐性","전기 저항",,,,,,,
ml_electricity_resistance_tp,"You take less damage from electricity","Вы получаете меньше урона от электричества","Recibes menos daño de electricidad","Você recebe menos dano de eletricidade","Du nimmst weniger Schaden durch Elektrizität","Vous subissez moins de dégâts de l'électricité","Subisci meno danni dall'elettricità","Otrzymujesz mniej obrażeń od elektryczności","你从电击中受到的伤害减少","電気によるダメージが減少します","전기로부터 받는 피해가 줄어듭니다",,,,,,,
ml_fire_resistance,"Fire resistance","Сопротивление огню","Resistencia al fuego","Resistência ao fogo","Feuerresistenz","Résistance au feu","Resistenza al fuoco","Odporność na ogień","火抗性","火耐性","화염 저항",,,,,,,
ml_fire_resistance_tp,"You take less damage from fire","Вы получаете меньше урона от огня","Recibes menos daño de fuego","Você recebe menos dano de fogo","Du nimmst weniger Schaden durch Feuer","Vous subissez moins de dégâts du feu","Subisci meno danni dal fuoco","Otrzymujesz mniej obrażeń od ognia","你从火焰中受到的伤害减少","火によるダメージが減少します","화염으로부터 받는 피해가 줄어듭니다",,,,,,,
ml_radioactive_resistance,"Toxic resistance","Сопротивление токсинам","Resistencia a tóxicos","Resistência a tóxicos","Toxische Resistenz","Résistance aux toxines","Resistenza alle tossine","Odporność na toksyny","毒抗性","毒耐性","독 저항",,,,,,,
ml_radioactive_resistance_tp,"You take less damage from toxic","Вы получаете меньше урона от токсина","Recibes menos daño de tóxicos","Você recebe menos dano de tóxicos","Du nimmst weniger Schaden durch Toxine","Vous subissez moins de dégâts des toxines","Subisci meno danni dai tossici","Otrzymujesz mniej obrażeń od toksyn","你从毒性中受到的伤害减少","毒によるダメージが減少します","독으로부터 받는 피해가 줄어듭니다",,,,,,,